{
  "timestamp": "20251222_030944",
  "device": "cuda",
  "gpu_name": "NVIDIA GeForce RTX 3080 Ti",
  "datasets": [
    "ml-1m"
  ],
  "experiments": [
    1
  ],
  "epochs": 50,
  "seq_lengths": [
    20,
    50,
    100,
    150
  ],
  "models": [
    "DIN",
    "GRU4Rec",
    "SASRec",
    "NARM",
    "AvgPool"
  ],
  "topk_values": [
    5,
    10,
    20
  ],
  "total_time_minutes": 562.0288851,
  "num_results": 20,
  "results": [
    {
      "experiment": "exp1_seq_model",
      "dataset": "ml-1m",
      "seq_length": 20,
      "model": "DIN",
      "test_auc": 0.958366246253177,
      "test_logloss": 0.2805866559855467,
      "best_valid_auc": 0.9587711068409562,
      "train_time_sec": 1756.645530462265,
      "qps": 6791.55427978606,
      "num_params": 460279,
      "status": "success",
      "HR@5": 0.6291390728476821,
      "Recall@5": 0.6291390728476821,
      "NDCG@5": 0.46696519005791576,
      "MRR@5": 0.4131898454746137,
      "Precision@5": 0.12582781456953643,
      "HR@10": 0.7582781456953642,
      "Recall@10": 0.7582781456953642,
      "NDCG@10": 0.5086029051965525,
      "MRR@10": 0.4303203510984968,
      "Precision@10": 0.07582781456953643,
      "HR@20": 0.8625827814569537,
      "Recall@20": 0.8625827814569537,
      "NDCG@20": 0.5351281537719338,
      "MRR@20": 0.43768161406153994,
      "Precision@20": 0.04312913907284768
    },
    {
      "experiment": "exp1_seq_model",
      "dataset": "ml-1m",
      "seq_length": 20,
      "model": "GRU4Rec",
      "test_auc": 0.960798343577035,
      "test_logloss": 0.27018314178425623,
      "best_valid_auc": 0.9611765168755056,
      "train_time_sec": 2388.5136959552765,
      "qps": 8215.893314234823,
      "num_params": 466673,
      "status": "success",
      "HR@5": 0.6788079470198676,
      "Recall@5": 0.6788079470198676,
      "NDCG@5": 0.501073390942734,
      "MRR@5": 0.4420529801324503,
      "Precision@5": 0.1357615894039735,
      "HR@10": 0.7798013245033113,
      "Recall@10": 0.7798013245033113,
      "NDCG@10": 0.5342573428391716,
      "MRR@10": 0.45604567434037635,
      "Precision@10": 0.07798013245033113,
      "HR@20": 0.8791390728476821,
      "Recall@20": 0.8791390728476821,
      "NDCG@20": 0.5595567601092525,
      "MRR@20": 0.46308467105302703,
      "Precision@20": 0.043956953642384104
    },
    {
      "experiment": "exp1_seq_model",
      "dataset": "ml-1m",
      "seq_length": 20,
      "model": "SASRec",
      "test_auc": 0.9663362499593502,
      "test_logloss": 0.24922800527077374,
      "best_valid_auc": 0.9651596350280258,
      "train_time_sec": 3031.4651577472687,
      "qps": 19675.584233873244,
      "num_params": 543153,
      "status": "success",
      "HR@5": 0.6837748344370861,
      "Recall@5": 0.6837748344370861,
      "NDCG@5": 0.5191265287231503,
      "MRR@5": 0.4640452538631346,
      "Precision@5": 0.13675496688741723,
      "HR@10": 0.7996688741721855,
      "Recall@10": 0.7996688741721855,
      "NDCG@10": 0.5565004531029846,
      "MRR@10": 0.47939661515820453,
      "Precision@10": 0.07996688741721855,
      "HR@20": 0.8758278145695364,
      "Recall@20": 0.8758278145695364,
      "NDCG@20": 0.5759116410824137,
      "MRR@20": 0.4848163017747112,
      "Precision@20": 0.04379139072847682
    },
    {
      "experiment": "exp1_seq_model",
      "dataset": "ml-1m",
      "seq_length": 20,
      "model": "NARM",
      "test_auc": 0.9611625250558236,
      "test_logloss": 0.2657039286625439,
      "best_valid_auc": 0.9612071532515004,
      "train_time_sec": 1533.0784487724304,
      "qps": 18127.967312852372,
      "num_params": 483185,
      "status": "success",
      "HR@5": 0.6539735099337748,
      "Recall@5": 0.6539735099337748,
      "NDCG@5": 0.4832408711748913,
      "MRR@5": 0.4264900662251656,
      "Precision@5": 0.13079470198675497,
      "HR@10": 0.7831125827814569,
      "Recall@10": 0.7831125827814569,
      "NDCG@10": 0.5255038013268547,
      "MRR@10": 0.444228949858089,
      "Precision@10": 0.0783112582781457,
      "HR@20": 0.8841059602649006,
      "Recall@20": 0.8841059602649006,
      "NDCG@20": 0.5509848406562213,
      "MRR@20": 0.4511979478184525,
      "Precision@20": 0.044205298013245034
    },
    {
      "experiment": "exp1_seq_model",
      "dataset": "ml-1m",
      "seq_length": 20,
      "model": "AvgPool",
      "test_auc": 0.9546408804517416,
      "test_logloss": 0.2944312955910639,
      "best_valid_auc": 0.9537589548758232,
      "train_time_sec": 2251.989452600479,
      "qps": 29962.755007354273,
      "num_params": 441713,
      "status": "success",
      "HR@5": 0.5910596026490066,
      "Recall@5": 0.5910596026490066,
      "NDCG@5": 0.43363489526958787,
      "MRR@5": 0.38170529801324504,
      "Precision@5": 0.11821192052980131,
      "HR@10": 0.7235099337748344,
      "Recall@10": 0.7235099337748344,
      "NDCG@10": 0.4766324481819196,
      "MRR@10": 0.39954404499106483,
      "Precision@10": 0.07235099337748344,
      "HR@20": 0.847682119205298,
      "Recall@20": 0.847682119205298,
      "NDCG@20": 0.5082636504037664,
      "MRR@20": 0.4083562832699778,
      "Precision@20": 0.0423841059602649
    },
    {
      "experiment": "exp1_seq_model",
      "dataset": "ml-1m",
      "seq_length": 50,
      "model": "DIN",
      "test_auc": 0.9532061214141001,
      "test_logloss": 0.29305215049888267,
      "best_valid_auc": 0.9534727665770519,
      "train_time_sec": 913.9973380565643,
      "qps": 28062.74240583004,
      "num_params": 460279,
      "status": "success",
      "HR@5": 0.5877483443708609,
      "Recall@5": 0.5877483443708609,
      "NDCG@5": 0.4166255365107466,
      "MRR@5": 0.359878587196468,
      "Precision@5": 0.11754966887417218,
      "HR@10": 0.7400662251655629,
      "Recall@10": 0.7400662251655629,
      "NDCG@10": 0.46613138313254754,
      "MRR@10": 0.3804622621675602,
      "Precision@10": 0.07400662251655629,
      "HR@20": 0.859271523178808,
      "Recall@20": 0.859271523178808,
      "NDCG@20": 0.4963200325653821,
      "MRR@20": 0.3887776848971439,
      "Precision@20": 0.0429635761589404
    },
    {
      "experiment": "exp1_seq_model",
      "dataset": "ml-1m",
      "seq_length": 50,
      "model": "GRU4Rec",
      "test_auc": 0.9514764744225704,
      "test_logloss": 0.298874929449658,
      "best_valid_auc": 0.9509391805585344,
      "train_time_sec": 1020.8566179275513,
      "qps": 44015.184288406694,
      "num_params": 466673,
      "status": "success",
      "HR@5": 0.5894039735099338,
      "Recall@5": 0.5894039735099338,
      "NDCG@5": 0.4201523220660326,
      "MRR@5": 0.3643487858719647,
      "Precision@5": 0.11788079470198676,
      "HR@10": 0.7317880794701986,
      "Recall@10": 0.7317880794701986,
      "NDCG@10": 0.4658901896983821,
      "MRR@10": 0.3830481972038263,
      "Precision@10": 0.07317880794701986,
      "HR@20": 0.8427152317880795,
      "Recall@20": 0.8427152317880795,
      "NDCG@20": 0.49434815692767725,
      "MRR@20": 0.39107464919306256,
      "Precision@20": 0.04213576158940398
    },
    {
      "experiment": "exp1_seq_model",
      "dataset": "ml-1m",
      "seq_length": 50,
      "model": "SASRec",
      "test_auc": 0.9631899356961973,
      "test_logloss": 0.26289823072757906,
      "best_valid_auc": 0.9629747711349064,
      "train_time_sec": 2074.3465871810913,
      "qps": 41013.1964402041,
      "num_params": 545073,
      "status": "success",
      "HR@5": 0.6423841059602649,
      "Recall@5": 0.6423841059602649,
      "NDCG@5": 0.480680983673101,
      "MRR@5": 0.4269039735099338,
      "Precision@5": 0.12847682119205298,
      "HR@10": 0.7599337748344371,
      "Recall@10": 0.7599337748344371,
      "NDCG@10": 0.5193167476055793,
      "MRR@10": 0.4432132345211815,
      "Precision@10": 0.07599337748344372,
      "HR@20": 0.847682119205298,
      "Recall@20": 0.847682119205298,
      "NDCG@20": 0.5418924094408087,
      "MRR@20": 0.44961522419202643,