{
  "timestamp": "20251228_181002",
  "device": "cuda",
  "gpu_name": "NVIDIA GeForce RTX 3080 Ti",
  "datasets": [
    "ml-100k"
  ],
  "experiments": [
    2
  ],
  "epochs": 50,
  "seq_lengths": [
    20,
    50,
    100,
    150
  ],
  "models": [
    "DIN",
    "GRU4Rec",
    "SASRec",
    "NARM",
    "AvgPool"
  ],
  "topk_values": [
    5,
    10,
    20
  ],
  "total_time_minutes": 13.688035933333333,
  "num_results": 7,
  "results": [
    {
      "experiment": "exp2_method_compare",
      "dataset": "ml-100k",
      "model": "DIN",
      "test_auc": 0.9183620720493512,
      "test_logloss": 0.4439103814348076,
      "train_time_sec": 83.50555229187012,
      "qps": 30102.128348676713,
      "num_params": 233463,
      "status": "success",
      "HR@5": 0.4,
      "Recall@5": 0.4,
      "NDCG@5": 0.26500907317534667,
      "MRR@5": 0.22122807017543863,
      "Precision@5": 0.08,
      "HR@10": 0.5894736842105263,
      "Recall@10": 0.5894736842105263,
      "NDCG@10": 0.3270064600523302,
      "MRR@10": 0.2472263993316625,
      "Precision@10": 0.05894736842105262,
      "HR@20": 0.7894736842105263,
      "Recall@20": 0.7894736842105263,
      "NDCG@20": 0.3787014375303074,
      "MRR@20": 0.26198836572512635,
      "Precision@20": 0.039473684210526314
    },
    {
      "experiment": "exp2_method_compare",
      "dataset": "ml-100k",
      "model": "GRU4Rec",
      "test_auc": 0.8959364765507847,
      "test_logloss": 0.5187229527742614,
      "train_time_sec": 83.92195534706116,
      "qps": 29613.92878141169,
      "num_params": 239857,
      "status": "success",
      "HR@5": 0.35789473684210527,
      "Recall@5": 0.35789473684210527,
      "NDCG@5": 0.23661172538428446,
      "MRR@5": 0.19719298245614034,
      "Precision@5": 0.07157894736842105,
      "HR@10": 0.5263157894736842,
      "Recall@10": 0.5263157894736842,
      "NDCG@10": 0.29213081344513936,
      "MRR@10": 0.22068922305764405,
      "Precision@10": 0.05263157894736842,
      "HR@20": 0.7789473684210526,
      "Recall@20": 0.7789473684210526,
      "NDCG@20": 0.35667705962244456,
      "MRR@20": 0.23877722444122962,
      "Precision@20": 0.03894736842105263
    },
    {
      "experiment": "exp2_method_compare",
      "dataset": "ml-100k",
      "model": "SASRec",
      "test_auc": 0.9135665391291868,
      "test_logloss": 0.41253083189446504,
      "train_time_sec": 220.9938063621521,
      "qps": 19245.250576674844,
      "num_params": 318257,
      "status": "success",
      "HR@5": 0.5368421052631579,
      "Recall@5": 0.5368421052631579,
      "NDCG@5": 0.3742139700275917,
      "MRR@5": 0.32105263157894737,
      "Precision@5": 0.10736842105263159,
      "HR@10": 0.7473684210526316,
      "Recall@10": 0.7473684210526316,
      "NDCG@10": 0.4432289007642243,
      "MRR@10": 0.3500584795321638,
      "Precision@10": 0.07473684210526316,
      "HR@20": 0.8210526315789474,
      "Recall@20": 0.8210526315789474,
      "NDCG@20": 0.46202123102938786,
      "MRR@20": 0.3553014718339797,
      "Precision@20": 0.04105263157894737
    },
    {
      "experiment": "exp2_method_compare",
      "dataset": "ml-100k",
      "model": "NARM",
      "test_auc": 0.8912806045814402,
      "test_logloss": 0.522800021946989,
      "train_time_sec": 87.47793650627136,
      "qps": 29734.45733463878,
      "num_params": 256369,
      "status": "success",
      "HR@5": 0.4631578947368421,
      "Recall@5": 0.4631578947368421,
      "NDCG@5": 0.31299014489266946,
      "MRR@5": 0.26280701754385966,
      "Precision@5": 0.09263157894736843,
      "HR@10": 0.631578947368421,
      "Recall@10": 0.631578947368421,
      "NDCG@10": 0.3688915300446266,
      "MRR@10": 0.28672096908939015,
      "Precision@10": 0.06315789473684211,
      "HR@20": 0.8,
      "Recall@20": 0.8,
      "NDCG@20": 0.412162409168306,
      "MRR@20": 0.29895017091611514,
      "Precision@20": 0.04
    },
    {
      "experiment": "exp2_method_compare",
      "dataset": "ml-100k",
      "model": "AvgPool",
      "test_auc": 0.9162920577712507,
      "test_logloss": 0.4178763634808899,
      "train_time_sec": 229.57116079330444,
      "qps": 30027.34410778206,
      "num_params": 214897,
      "status": "success",
      "HR@5": 0.4,
      "Recall@5": 0.4,
      "NDCG@5": 0.2846476599956557,
      "MRR@5": 0.24614035087719294,
      "Precision@5": 0.08,
      "HR@10": 0.6421052631578947,
      "Recall@10": 0.6421052631578947,
      "NDCG@10": 0.3650371878972374,
      "MRR@10": 0.2805263157894737,
      "Precision@10": 0.06421052631578947,
      "HR@20": 0.7894736842105263,
      "Recall@20": 0.7894736842105263,
      "NDCG@20": 0.40234676257737273,
      "MRR@20": 0.2907773064026119,
      "Precision@20": 0.039473684210526314
    },
    {
      "experiment": "exp2_method_compare",
      "dataset": "ml-100k",
      "model": "LightGBM",
      "test_auc": 0.8348098060535563,
      "test_logloss": 0.4312439578012111,
      "train_time_sec": 12.195115327835083,
      "num_params": 15500,
      "status": "success",
      "HR@5": 0.2631578947368421,
      "Recall@5": 0.2631578947368421,
      "NDCG@5": 0.16484825838104306,
      "MRR@5": 0.13280701754385965,
      "Precision@5": 0.05263157894736842,
      "HR@10": 0.3368421052631579,
      "Recall@10": 0.3368421052631579,
      "NDCG@10": 0.18908519728838952,
      "MRR@10": 0.14304928989139515,
      "Precision@10": 0.03368421052631579,
      "HR@20": 0.6736842105263158,
      "Recall@20": 0.6736842105263158,
      "NDCG@20": 0.27297517240797803,
      "MRR@20": 0.16539343263149683,
      "Precision@20": 0.03368421052631579
    },
    {
      "experiment": "exp2_hybrid",
      "dataset": "ml-100k",
      "model": "DIN+LightGBM",
      "test_auc": 0.916115396350741,
      "test_logloss": 0.4574439596294444,
      "train_time_sec": 119.04791569709778,
      "din_train_time": 83.50555229187012,
      "lgb_train_time": 35.54236340522766,
      "num_params": 236315,
      "din_num_params": 233463,
      "lgb_num_params": 2852,
      "status": "success",
      "HR@5": 0.4105263157894737,
      "Recall@5": 0.4105263157894737,
      "NDCG@5": 0.2814791043957372,
      "MRR@5": 0.23912280701754385,
      "Precision@5": 0.08210526315789474,
      "HR@10": 0.5578947368421052,
      "Recall@10": 0.5578947368421052,
      "NDCG@10": 0.3310791588539881,
      "MRR@10": 0.26073934837092727,
      "Precision@10": 0.05578947368421052,
      "HR@20": 0.7578947368421053,
      "Recall@20": 0.7578947368421053,
      "NDCG@20": 0.3831479324534293,
      "MRR@20": 0.2758012163275321,
      "Precision@20": 0.037894736842105266
    }
  ]
}