{
  "timestamp": "20251228_180000",
  "device": "cuda",
  "gpu_name": "NVIDIA GeForce RTX 3080 Ti",
  "datasets": [
    "ml-100k"
  ],
  "experiments": [
    3
  ],
  "epochs": 50,
  "seq_lengths": [
    20,
    50,
    100,
    150
  ],
  "models": [
    "DIN",
    "GRU4Rec",
    "SASRec",
    "NARM",
    "AvgPool"
  ],
  "topk_values": [
    5,
    10,
    20
  ],
  "total_time_minutes": 9.848357316666666,
  "num_results": 5,
  "results": [
    {
      "experiment": "exp3_ablation",
      "dataset": "ml-100k",
      "variant": "DIN-Base",
      "attention_type": "base",
      "enhanced_mlp": false,
      "test_auc": 0.9011532735624767,
      "test_logloss": 0.455246052713155,
      "best_valid_auc": 0.9033896186123322,
      "train_time_sec": 94.41665482521057,
      "qps": 25992.665623672103,
      "num_params": 340615,
      "status": "success",
      "HR@5": 0.3684210526315789,
      "Recall@5": 0.3684210526315789,
      "NDCG@5": 0.22577352887763005,
      "MRR@5": 0.17859649122807017,
      "Precision@5": 0.07368421052631578,
      "HR@10": 0.6105263157894737,
      "Recall@10": 0.6105263157894737,
      "NDCG@10": 0.304953192942383,
      "MRR@10": 0.2118170426065163,
      "Precision@10": 0.06105263157894737,
      "HR@20": 0.7789473684210526,
      "Recall@20": 0.7789473684210526,
      "NDCG@20": 0.34797822696180464,
      "MRR@20": 0.22382350106034316,
      "Precision@20": 0.03894736842105263
    },
    {
      "experiment": "exp3_ablation",
      "dataset": "ml-100k",
      "variant": "DIN-TimeDec",
      "attention_type": "time_decay",
      "enhanced_mlp": false,
      "test_auc": 0.911358705894545,
      "test_logloss": 0.4695318440788363,
      "best_valid_auc": 0.9137300450187273,
      "train_time_sec": 119.82639050483704,
      "qps": 25117.74898486161,
      "num_params": 340615,
      "status": "success",
      "HR@5": 0.47368421052631576,
      "Recall@5": 0.47368421052631576,
      "NDCG@5": 0.32692678192529445,
      "MRR@5": 0.2789473684210526,
      "Precision@5": 0.09473684210526315,
      "HR@10": 0.6631578947368421,
      "Recall@10": 0.6631578947368421,
      "NDCG@10": 0.3913629416852309,
      "MRR@10": 0.3074227234753551,
      "Precision@10": 0.0663157894736842,
      "HR@20": 0.8105263157894737,
      "Recall@20": 0.8105263157894737,
      "NDCG@20": 0.4291459683633753,
      "MRR@20": 0.31809428228606984,
      "Precision@20": 0.04052631578947368
    },
    {
      "experiment": "exp3_ablation",
      "dataset": "ml-100k",
      "variant": "DIN-MultiHead",
      "attention_type": "multi_head",
      "enhanced_mlp": false,
      "test_auc": 0.886423435698875,
      "test_logloss": 0.5992208361840415,
      "best_valid_auc": 0.9020349035387728,
      "train_time_sec": 95.05071878433228,
      "qps": 20328.162023508587,
      "num_params": 430192,
      "status": "success",
      "HR@5": 0.4421052631578947,
      "Recall@5": 0.4421052631578947,
      "NDCG@5": 0.31689383882141126,
      "MRR@5": 0.27543859649122804,
      "Precision@5": 0.08842105263157894,
      "HR@10": 0.6,
      "Recall@10": 0.6,
      "NDCG@10": 0.36806101767477906,
      "MRR@10": 0.2966332497911445,
      "Precision@10": 0.06,
      "HR@20": 0.7368421052631579,
      "Recall@20": 0.7368421052631579,
      "NDCG@20": 0.4020670923741583,
      "MRR@20": 0.30564562028958314,
      "Precision@20": 0.03684210526315789
    },
    {
      "experiment": "exp3_ablation",
      "dataset": "ml-100k",
      "variant": "DIN-Enhanced",
      "attention_type": "base",
      "enhanced_mlp": true,
      "test_auc": 0.9039357381661243,
      "test_logloss": 0.5816289213368155,
      "best_valid_auc": 0.9057573341537319,
      "train_time_sec": 112.14681053161621,
      "qps": 29549.97271732536,
      "num_params": 575752,
      "status": "success",
      "HR@5": 0.4105263157894737,
      "Recall@5": 0.4105263157894737,
      "NDCG@5": 0.24814757228709,
      "MRR@5": 0.19614035087719298,
      "Precision@5": 0.08210526315789474,
      "HR@10": 0.5578947368421052,
      "Recall@10": 0.5578947368421052,
      "NDCG@10": 0.2956016252026614,
      "MRR@10": 0.2155889724310777,
      "Precision@10": 0.05578947368421052,
      "HR@20": 0.7578947368421053,
      "Recall@20": 0.7578947368421053,
      "NDCG@20": 0.34541889009389437,
      "MRR@20": 0.22891229961174558,
      "Precision@20": 0.037894736842105266
    },
    {
      "experiment": "exp3_ablation",
      "dataset": "ml-100k",
      "variant": "DIN-Full",
      "attention_type": "time_decay",
      "enhanced_mlp": true,
      "test_auc": 0.9165144478804933,
      "test_logloss": 0.5707513653711823,
      "best_valid_auc": 0.9184065141742044,
      "train_time_sec": 143.33534336090088,
      "qps": 26899.024151045243,
      "num_params": 575752,
      "status": "success",
      "HR@5": 0.49473684210526314,
      "Recall@5": 0.49473684210526314,
      "NDCG@5": 0.32487564254673307,
      "MRR@5": 0.2691228070175438,
      "Precision@5": 0.09894736842105263,
      "HR@10": 0.7157894736842105,
      "Recall@10": 0.7157894736842105,
      "NDCG@10": 0.3944720657571639,
      "MRR@10": 0.29677109440267335,
      "Precision@10": 0.07157894736842105,
      "HR@20": 0.8421052631578947,
      "Recall@20": 0.8421052631578947,
      "NDCG@20": 0.42737788905795715,
      "MRR@20": 0.3063317519570574,
      "Precision@20": 0.042105263157894736
    }
  ]
}