{
  "timestamp": "20251228_182415",
  "device": "cuda",
  "gpu_name": "NVIDIA GeForce RTX 3080 Ti",
  "datasets": [
    "ml-1m"
  ],
  "experiments": [
    2
  ],
  "epochs": 50,
  "seq_lengths": [
    20,
    50,
    100,
    150
  ],
  "models": [
    "DIN",
    "GRU4Rec",
    "SASRec",
    "NARM",
    "AvgPool"
  ],
  "topk_values": [
    5,
    10,
    20
  ],
  "total_time_minutes": 109.76785888333333,
  "num_results": 7,
  "results": [
    {
      "experiment": "exp2_method_compare",
      "dataset": "ml-1m",
      "model": "DIN",
      "test_auc": 0.9521772912330081,
      "test_logloss": 0.29945628238539906,
      "train_time_sec": 794.3343160152435,
      "qps": 18234.16495485683,
      "num_params": 460279,
      "status": "success",
      "HR@5": 0.5844370860927153,
      "Recall@5": 0.5844370860927153,
      "NDCG@5": 0.42209642716576223,
      "MRR@5": 0.36812913907284767,
      "Precision@5": 0.11688741721854305,
      "HR@10": 0.7235099337748344,
      "Recall@10": 0.7235099337748344,
      "NDCG@10": 0.466492975404082,
      "MRR@10": 0.3861209660464628,
      "Precision@10": 0.07235099337748344,
      "HR@20": 0.8460264900662252,
      "Recall@20": 0.8460264900662252,
      "NDCG@20": 0.4978743429186638,
      "MRR@20": 0.3949529133284105,
      "Precision@20": 0.04230132450331126
    },
    {
      "experiment": "exp2_method_compare",
      "dataset": "ml-1m",
      "model": "GRU4Rec",
      "test_auc": 0.9508279195420414,
      "test_logloss": 0.30367050506983295,
      "train_time_sec": 982.0500345230103,
      "qps": 14093.3003967606,
      "num_params": 466673,
      "status": "success",
      "HR@5": 0.5629139072847682,
      "Recall@5": 0.5629139072847682,
      "NDCG@5": 0.3975227256635103,
      "MRR@5": 0.34318432671081683,
      "Precision@5": 0.11258278145695363,
      "HR@10": 0.7268211920529801,
      "Recall@10": 0.7268211920529801,
      "NDCG@10": 0.45075594542406133,
      "MRR@10": 0.3652797487648481,
      "Precision@10": 0.07268211920529802,
      "HR@20": 0.8493377483443708,
      "Recall@20": 0.8493377483443708,
      "NDCG@20": 0.4816657005862851,
      "MRR@20": 0.37373030240324895,
      "Precision@20": 0.04246688741721854
    },
    {
      "experiment": "exp2_method_compare",
      "dataset": "ml-1m",
      "model": "SASRec",
      "test_auc": 0.9645740621430675,
      "test_logloss": 0.25376557423835194,
      "train_time_sec": 1492.917867898941,
      "qps": 13647.885746466189,
      "num_params": 545073,
      "status": "success",
      "HR@5": 0.6506622516556292,
      "Recall@5": 0.6506622516556292,
      "NDCG@5": 0.49909121765514897,
      "MRR@5": 0.4487030905077262,
      "Precision@5": 0.13013245033112583,
      "HR@10": 0.7748344370860927,
      "Recall@10": 0.7748344370860927,
      "NDCG@10": 0.539992800974291,
      "MRR@10": 0.46601164196362876,
      "Precision@10": 0.07748344370860927,
      "HR@20": 0.8758278145695364,
      "Recall@20": 0.8758278145695364,
      "NDCG@20": 0.5654245707745787,
      "MRR@20": 0.472941075459759,
      "Precision@20": 0.04379139072847682
    },
    {
      "experiment": "exp2_method_compare",
      "dataset": "ml-1m",
      "model": "NARM",
      "test_auc": 0.9525415417272209,
      "test_logloss": 0.29889586890012226,
      "train_time_sec": 868.2378618717194,
      "qps": 12474.213512457045,
      "num_params": 483185,
      "status": "success",
      "HR@5": 0.5761589403973509,
      "Recall@5": 0.5761589403973509,
      "NDCG@5": 0.4101323636135587,
      "MRR@5": 0.35499448123620314,
      "Precision@5": 0.11523178807947018,
      "HR@10": 0.7317880794701986,
      "Recall@10": 0.7317880794701986,
      "NDCG@10": 0.4607361249207463,
      "MRR@10": 0.37604922211710295,
      "Precision@10": 0.07317880794701986,
      "HR@20": 0.8543046357615894,
      "Recall@20": 0.8543046357615894,
      "NDCG@20": 0.4920873777706007,
      "MRR@20": 0.3848513399754609,
      "Precision@20": 0.04271523178807947
    },
    {
      "experiment": "exp2_method_compare",
      "dataset": "ml-1m",
      "model": "AvgPool",
      "test_auc": 0.9458881953030125,
      "test_logloss": 0.310703770426648,
      "train_time_sec": 1365.1534197330475,
      "qps": 21364.425130923388,
      "num_params": 441713,
      "status": "success",
      "HR@5": 0.5413907284768212,
      "Recall@5": 0.5413907284768212,
      "NDCG@5": 0.3893182942978889,
      "MRR@5": 0.3387693156732892,
      "Precision@5": 0.10827814569536424,
      "HR@10": 0.6870860927152318,
      "Recall@10": 0.6870860927152318,
      "NDCG@10": 0.437210953630754,
      "MRR@10": 0.35899361400189217,
      "Precision@10": 0.06870860927152318,
      "HR@20": 0.8394039735099338,
      "Recall@20": 0.8394039735099338,
      "NDCG@20": 0.4760355506609724,
      "MRR@20": 0.36981867408403346,
      "Precision@20": 0.04197019867549669
    },
    {
      "experiment": "exp2_method_compare",
      "dataset": "ml-1m",
      "model": "LightGBM",
      "test_auc": 0.7977855115204888,
      "test_logloss": 0.4671402760483197,
      "train_time_sec": 125.48094940185547,
      "num_params": 15500,
      "status": "success",
      "HR@5": 0.18543046357615894,
      "Recall@5": 0.18543046357615894,
      "NDCG@5": 0.11791556830105965,
      "MRR@5": 0.0957505518763797,
      "Precision@5": 0.03708609271523179,
      "HR@10": 0.35596026490066224,
      "Recall@10": 0.35596026490066224,
      "NDCG@10": 0.17271135793179646,
      "MRR@10": 0.11815213392200148,
      "Precision@10": 0.03559602649006623,
      "HR@20": 0.5811258278145696,
      "Recall@20": 0.5811258278145696,
      "NDCG@20": 0.22898201394564022,
      "MRR@20": 0.13326288018593443,
      "Precision@20": 0.02905629139072848
    },
    {
      "experiment": "exp2_hybrid",
      "dataset": "ml-1m",
      "model": "DIN+LightGBM",
      "test_auc": 0.9515602513570649,
      "test_logloss": 0.32725749340278554,
      "train_time_sec": 1198.0844061374664,
      "din_train_time": 794.3343160152435,
      "lgb_train_time": 403.7500901222229,
      "num_params": 464216,
      "din_num_params": 460279,
      "lgb_num_params": 3937,
      "status": "success",
      "HR@5": 0.5811258278145696,
      "Recall@5": 0.5811258278145696,
      "NDCG@5": 0.4181497282370498,
      "MRR@5": 0.3638520971302428,
      "Precision@5": 0.11622516556291392,
      "HR@10": 0.7317880794701986,
      "Recall@10": 0.7317880794701986,
      "NDCG@10": 0.4664567938426506,
      "MRR@10": 0.38355145590244927,
      "Precision@10": 0.07317880794701986,
      "HR@20": 0.8410596026490066,
      "Recall@20": 0.8410596026490066,
      "NDCG@20": 0.4943117870342578,
      "MRR@20": 0.3913147698309955,
      "Precision@20": 0.04205298013245033
    }
  ]
}