{
  "timestamp": "20251228_202302",
  "device": "cuda",
  "gpu_name": "NVIDIA GeForce RTX 3080 Ti",
  "datasets": [
    "ml-1m"
  ],
  "experiments": [
    3
  ],
  "epochs": 50,
  "seq_lengths": [
    20,
    50,
    100,
    150
  ],
  "models": [
    "DIN",
    "GRU4Rec",
    "SASRec",
    "NARM",
    "AvgPool"
  ],
  "topk_values": [
    5,
    10,
    20
  ],
  "total_time_minutes": 95.09332771666666,
  "num_results": 5,
  "results": [
    {
      "experiment": "exp3_ablation",
      "dataset": "ml-1m",
      "variant": "DIN-Base",
      "attention_type": "base",
      "enhanced_mlp": false,
      "test_auc": 0.9494203551957208,
      "test_logloss": 0.326686684489863,
      "best_valid_auc": 0.9511923105191799,
      "train_time_sec": 1076.2206299304962,
      "qps": 18873.363855024876,
      "num_params": 812087,
      "status": "success",
      "HR@5": 0.5645695364238411,
      "Recall@5": 0.5645695364238411,
      "NDCG@5": 0.3985488548030717,
      "MRR@5": 0.34376379690949227,
      "Precision@5": 0.11291390728476822,
      "HR@10": 0.7119205298013245,
      "Recall@10": 0.7119205298013245,
      "NDCG@10": 0.4464411186836341,
      "MRR@10": 0.36366222537580156,
      "Precision@10": 0.07119205298013245,
      "HR@20": 0.8427152317880795,
      "Recall@20": 0.8427152317880795,
      "NDCG@20": 0.479483138846975,
      "MRR@20": 0.37272400205823925,
      "Precision@20": 0.04213576158940398
    },
    {
      "experiment": "exp3_ablation",
      "dataset": "ml-1m",
      "variant": "DIN-TimeDec",
      "attention_type": "time_decay",
      "enhanced_mlp": false,
      "test_auc": 0.9641707026471027,
      "test_logloss": 0.2695410211149056,
      "best_valid_auc": 0.9655394715612025,
      "train_time_sec": 1134.3744747638702,
      "qps": 14382.374996912957,
      "num_params": 812087,
      "status": "success",
      "HR@5": 0.6788079470198676,
      "Recall@5": 0.6788079470198676,
      "NDCG@5": 0.5169323676383437,
      "MRR@5": 0.4629690949227373,
      "Precision@5": 0.1357615894039735,
      "HR@10": 0.7897350993377483,
      "Recall@10": 0.7897350993377483,
      "NDCG@10": 0.552795868983842,
      "MRR@10": 0.47775478292862394,
      "Precision@10": 0.07897350993377483,
      "HR@20": 0.8874172185430463,
      "Recall@20": 0.8874172185430463,
      "NDCG@20": 0.5777002376045938,
      "MRR@20": 0.4847003694096348,
      "Precision@20": 0.04437086092715232
    },
    {
      "experiment": "exp3_ablation",
      "dataset": "ml-1m",
      "variant": "DIN-MultiHead",
      "attention_type": "multi_head",
      "enhanced_mlp": false,
      "test_auc": 0.9445166630207857,
      "test_logloss": 0.34725767060414864,
      "best_valid_auc": 0.9484331494704874,
      "train_time_sec": 1187.505835056305,
      "qps": 13311.997698975007,
      "num_params": 901664,
      "status": "success",
      "HR@5": 0.5579470198675497,
      "Recall@5": 0.5579470198675497,
      "NDCG@5": 0.3952729796195971,
      "MRR@5": 0.3412527593818985,
      "Precision@5": 0.11158940397350994,
      "HR@10": 0.7019867549668874,
      "Recall@10": 0.7019867549668874,
      "NDCG@10": 0.44170788561784535,
      "MRR@10": 0.3603378271838537,
      "Precision@10": 0.07019867549668875,
      "HR@20": 0.8394039735099338,
      "Recall@20": 0.8394039735099338,
      "NDCG@20": 0.4764120110670889,
      "MRR@20": 0.36983947292128816,
      "Precision@20": 0.04197019867549669
    },
    {
      "experiment": "exp3_ablation",
      "dataset": "ml-1m",
      "variant": "DIN-Enhanced",
      "attention_type": "base",
      "enhanced_mlp": true,
      "test_auc": 0.948727547991242,
      "test_logloss": 0.357315854262798,
      "best_valid_auc": 0.951182513912102,
      "train_time_sec": 1037.1602766513824,
      "qps": 12521.254451210483,
      "num_params": 1047224,
      "status": "success",
      "HR@5": 0.5711920529801324,
      "Recall@5": 0.5711920529801324,
      "NDCG@5": 0.40264276147875105,
      "MRR@5": 0.34696467991169977,
      "Precision@5": 0.11423841059602649,
      "HR@10": 0.7201986754966887,
      "Recall@10": 0.7201986754966887,
      "NDCG@10": 0.4521832024400188,
      "MRR@10": 0.3682092925470409,
      "Precision@10": 0.07201986754966887,
      "HR@20": 0.847682119205298,
      "Recall@20": 0.847682119205298,
      "NDCG@20": 0.48438540742549696,
      "MRR@20": 0.37703334881845535,
      "Precision@20": 0.0423841059602649
    },
    {
      "experiment": "exp3_ablation",
      "dataset": "ml-1m",
      "variant": "DIN-Full",
      "attention_type": "time_decay",
      "enhanced_mlp": true,
      "test_auc": 0.964832690857091,
      "test_logloss": 0.2904608167563864,
      "best_valid_auc": 0.9655084791672194,
      "train_time_sec": 1113.162302017212,
      "qps": 26571.23198965601,
      "num_params": 1047224,
      "status": "success",
      "HR@5": 0.6804635761589404,
      "Recall@5": 0.6804635761589404,
      "NDCG@5": 0.5154227900309236,
      "MRR@5": 0.46037527593818983,
      "Precision@5": 0.13609271523178806,
      "HR@10": 0.7864238410596026,
      "Recall@10": 0.7864238410596026,
      "NDCG@10": 0.5501182356136245,
      "MRR@10": 0.4749434983706507,
      "Precision@10": 0.07864238410596026,
      "HR@20": 0.8807947019867549,
      "Recall@20": 0.8807947019867549,
      "NDCG@20": 0.5742875069649924,
      "MRR@20": 0.4817396413040392,
      "Precision@20": 0.04403973509933774
    }
  ]
}