{
  "timestamp": "20251228_234822",
  "device": "cuda",
  "gpu_name": "NVIDIA GeForce RTX 3080 Ti",
  "datasets": [
    "ml-1m"
  ],
  "experiments": [
    2
  ],
  "epochs": 50,
  "seq_lengths": [
    20,
    50,
    100,
    150
  ],
  "models": [
    "DIN"
  ],
  "topk_values": [
    5,
    10,
    20
  ],
  "total_time_minutes": 40.4934378,
  "num_results": 3,
  "results": [
    {
      "experiment": "exp2_method_compare",
      "dataset": "ml-1m",
      "model": "DIN",
      "test_auc": 0.9522620943013765,
      "test_logloss": 0.2985447615719672,
      "train_time_sec": 800.291056394577,
      "qps": 16586.347472626407,
      "num_params": 460279,
      "status": "success",
      "HR@5": 0.5778145695364238,
      "Recall@5": 0.5778145695364238,
      "NDCG@5": 0.40364897267592437,
      "MRR@5": 0.34635761589403974,
      "Precision@5": 0.11556291390728476,
      "HR@10": 0.7185430463576159,
      "Recall@10": 0.7185430463576159,
      "NDCG@10": 0.44927036580834107,
      "MRR@10": 0.3652455849889625,
      "Precision@10": 0.07185430463576159,
      "HR@20": 0.8410596026490066,
      "Recall@20": 0.8410596026490066,
      "NDCG@20": 0.48031426260603716,
      "MRR@20": 0.3738052681234616,
      "Precision@20": 0.04205298013245033
    },
    {
      "experiment": "exp2_method_compare",
      "dataset": "ml-1m",
      "model": "LightGBM",
      "test_auc": 0.7977855115204888,
      "test_logloss": 0.4671402760483197,
      "train_time_sec": 126.92950463294983,
      "num_params": 15500,
      "status": "success",
      "HR@5": 0.18543046357615894,
      "Recall@5": 0.18543046357615894,
      "NDCG@5": 0.11791556830105965,
      "MRR@5": 0.0957505518763797,
      "Precision@5": 0.03708609271523179,
      "HR@10": 0.35596026490066224,
      "Recall@10": 0.35596026490066224,
      "NDCG@10": 0.17271135793179646,
      "MRR@10": 0.11815213392200148,
      "Precision@10": 0.03559602649006623,
      "HR@20": 0.5811258278145696,
      "Recall@20": 0.5811258278145696,
      "NDCG@20": 0.22898201394564022,
      "MRR@20": 0.13326288018593443,
      "Precision@20": 0.02905629139072848
    },
    {
      "experiment": "exp2_hybrid",
      "dataset": "ml-1m",
      "model": "DIN+LightGBM",
      "test_auc": 0.9523510978471371,
      "test_logloss": 0.293407535553736,
      "train_time_sec": 1708.6562945842743,
      "din_train_time": 800.291056394577,
      "lgb_train_time": 908.3652381896973,
      "num_params": 462573,
      "din_num_params": 460279,
      "lgb_num_params": 2294,
      "feature_importance_top20": {
        "din_score": 16984489.548761368,
        "item_popularity": 294405.95372390747,
        "genre_match": 64764.50881195068,
        "year_match": 48732.85541152954,
        "item_genre_count": 31232.010036468506,
        "item_genre": 17188.55980873108,
        "seq_length": 15879.108415603638,
        "din_emb_20": 15424.72310256958,
        "item_year": 15006.439819335938,
        "din_emb_17": 13702.81686592102,
        "din_emb_50": 10584.841276168823,
        "seq_unique_items": 6907.0803146362305,
        "hist_genre_std": 5686.91979598999,
        "din_emb_34": 5681.376489639282,
        "din_emb_63": 5097.882570266724,
        "din_emb_9": 4208.922700881958,
        "din_emb_55": 4143.157844543457,
        "din_emb_61": 3730.4505500793457,
        "din_emb_16": 3727.2106590270996,
        "user_activity": 3542.9657974243164
      },
      "feature_names": [
        "user_age",
        "user_gender",
        "user_occupation",
        "user_activity",
        "item_year",
        "item_genre",
        "item_genre_count",
        "item_popularity",
        "seq_length",
        "seq_unique_items",
        "seq_avg_popularity",
        "seq_recency",
        "time_hour",
        "time_dow",
        "time_weekend",
        "time_position",
        "genre_match",
        "year_match",
        "hist_genre_mean",
        "hist_genre_std"
      ],
      "status": "success",
      "HR@5": 0.5778145695364238,
      "Recall@5": 0.5778145695364238,
      "NDCG@5": 0.4021357668480774,
      "MRR@5": 0.34415011037527593,
      "Precision@5": 0.11556291390728476,
      "HR@10": 0.7135761589403974,
      "Recall@10": 0.7135761589403974,
      "NDCG@10": 0.4460881923984375,
      "MRR@10": 0.3623075002627983,
      "Precision@10": 0.07135761589403974,
      "HR@20": 0.8410596026490066,
      "Recall@20": 0.8410596026490066,
      "NDCG@20": 0.4784001710106564,
      "MRR@20": 0.3712225690068195,
      "Precision@20": 0.04205298013245033
    }
  ]
}