{
  "timestamp": "20251222_030847",
  "device": "cuda",
  "gpu_name": "NVIDIA GeForce RTX 3080 Ti",
  "datasets": [
    "ml-100k"
  ],
  "experiments": [
    1
  ],
  "epochs": 50,
  "seq_lengths": [
    20,
    50,
    100,
    150
  ],
  "models": [
    "DIN",
    "GRU4Rec",
    "SASRec",
    "NARM",
    "AvgPool"
  ],
  "topk_values": [
    5,
    10,
    20
  ],
  "total_time_minutes": 153.3476448333333,
  "num_results": 20,
  "results": [
    {
      "experiment": "exp1_seq_model",
      "dataset": "ml-100k",
      "seq_length": 20,
      "model": "DIN",
      "test_auc": 0.9282585499872047,
      "test_logloss": 0.4120779862958451,
      "best_valid_auc": 0.9338346691791504,
      "train_time_sec": 150.04296922683716,
      "qps": 6078.083744786981,
      "num_params": 233463,
      "status": "success",
      "HR@5": 0.47368421052631576,
      "Recall@5": 0.47368421052631576,
      "NDCG@5": 0.29254794866923806,
      "MRR@5": 0.23421052631578942,
      "Precision@5": 0.09473684210526315,
      "HR@10": 0.6736842105263158,
      "Recall@10": 0.6736842105263158,
      "NDCG@10": 0.3571332598011683,
      "MRR@10": 0.2607936507936508,
      "Precision@10": 0.06736842105263158,
      "HR@20": 0.8210526315789474,
      "Recall@20": 0.8210526315789474,
      "NDCG@20": 0.3939344526644382,
      "MRR@20": 0.27064450490758135,
      "Precision@20": 0.04105263157894737
    },
    {
      "experiment": "exp1_seq_model",
      "dataset": "ml-100k",
      "seq_length": 20,
      "model": "GRU4Rec",
      "test_auc": 0.9121763954932125,
      "test_logloss": 0.48627737008405614,
      "best_valid_auc": 0.9267975253571115,
      "train_time_sec": 308.1396999359131,
      "qps": 9945.190242764795,
      "num_params": 239857,
      "status": "success",
      "HR@5": 0.4421052631578947,
      "Recall@5": 0.4421052631578947,
      "NDCG@5": 0.29218690504690464,
      "MRR@5": 0.24315789473684207,
      "Precision@5": 0.08842105263157894,
      "HR@10": 0.6105263157894737,
      "Recall@10": 0.6105263157894737,
      "NDCG@10": 0.34794677051591416,
      "MRR@10": 0.2669047619047619,
      "Precision@10": 0.06105263157894737,
      "HR@20": 0.8315789473684211,
      "Recall@20": 0.8315789473684211,
      "NDCG@20": 0.403733664816925,
      "MRR@20": 0.2821313606188138,
      "Precision@20": 0.041578947368421056
    },
    {
      "experiment": "exp1_seq_model",
      "dataset": "ml-100k",
      "seq_length": 20,
      "model": "SASRec",
      "test_auc": 0.9231200849629779,
      "test_logloss": 0.37740793627077013,
      "best_valid_auc": 0.9275649753149844,
      "train_time_sec": 599.2298529148102,
      "qps": 2771.5121718641944,
      "num_params": 316337,
      "status": "success",
      "HR@5": 0.5473684210526316,
      "Recall@5": 0.5473684210526316,
      "NDCG@5": 0.38474028581706543,
      "MRR@5": 0.33157894736842103,
      "Precision@5": 0.10947368421052632,
      "HR@10": 0.6947368421052632,
      "Recall@10": 0.6947368421052632,
      "NDCG@10": 0.43391147385087103,
      "MRR@10": 0.35275689223057644,
      "Precision@10": 0.06947368421052633,
      "HR@20": 0.8631578947368421,
      "Recall@20": 0.8631578947368421,
      "NDCG@20": 0.4767610977712813,
      "MRR@20": 0.36467228460710627,
      "Precision@20": 0.0431578947368421
    },
    {
      "experiment": "exp1_seq_model",
      "dataset": "ml-100k",
      "seq_length": 20,
      "model": "NARM",
      "test_auc": 0.9137070455081501,
      "test_logloss": 0.46292922161479866,
      "best_valid_auc": 0.9275403214541644,
      "train_time_sec": 389.99608278274536,
      "qps": 5161.910956568794,
      "num_params": 256369,
      "status": "success",
      "HR@5": 0.5473684210526316,
      "Recall@5": 0.5473684210526316,
      "NDCG@5": 0.366493233007933,
      "MRR@5": 0.3075438596491228,
      "Precision@5": 0.10947368421052632,
      "HR@10": 0.7473684210526316,
      "Recall@10": 0.7473684210526316,
      "NDCG@10": 0.4306746997207691,
      "MRR@10": 0.3337468671679198,
      "Precision@10": 0.07473684210526316,
      "HR@20": 0.8842105263157894,
      "Recall@20": 0.8842105263157894,
      "NDCG@20": 0.46542993044667863,
      "MRR@20": 0.3433813939215602,
      "Precision@20": 0.04421052631578947
    },
    {
      "experiment": "exp1_seq_model",
      "dataset": "ml-100k",
      "seq_length": 20,
      "model": "AvgPool",
      "test_auc": 0.9167276232952803,
      "test_logloss": 0.3924958049053323,
      "best_valid_auc": 0.9206767211583224,
      "train_time_sec": 897.0799453258514,
      "qps": 5267.458743734736,
      "num_params": 214897,
      "status": "success",
      "HR@5": 0.47368421052631576,
      "Recall@5": 0.47368421052631576,
      "NDCG@5": 0.3218073459648901,
      "MRR@5": 0.27157894736842103,
      "Precision@5": 0.09473684210526315,
      "HR@10": 0.6210526315789474,
      "Recall@10": 0.6210526315789474,
      "NDCG@10": 0.3672566365197664,
      "MRR@10": 0.28906015037593985,
      "Precision@10": 0.06210526315789474,
      "HR@20": 0.7789473684210526,
      "Recall@20": 0.7789473684210526,
      "NDCG@20": 0.406463764837492,
      "MRR@20": 0.2994387223860093,
      "Precision@20": 0.03894736842105263
    },
    {
      "experiment": "exp1_seq_model",
      "dataset": "ml-100k",
      "seq_length": 50,
      "model": "DIN",
      "test_auc": 0.918332288418784,
      "test_logloss": 0.4396831869286583,
      "best_valid_auc": 0.9257103905246067,
      "train_time_sec": 490.8811745643616,
      "qps": 4265.59191194822,
      "num_params": 233463,
      "status": "success",
      "HR@5": 0.47368421052631576,
      "Recall@5": 0.47368421052631576,
      "NDCG@5": 0.3074452431181634,
      "MRR@5": 0.25280701754385965,
      "Precision@5": 0.09473684210526315,
      "HR@10": 0.6631578947368421,
      "Recall@10": 0.6631578947368421,
      "NDCG@10": 0.36842154963435375,
      "MRR@10": 0.27783208020050126,
      "Precision@10": 0.0663157894736842,
      "HR@20": 0.8,
      "Recall@20": 0.8,
      "NDCG@20": 0.4035986473377714,
      "MRR@20": 0.2877932344573212,
      "Precision@20": 0.04
    },
    {
      "experiment": "exp1_seq_model",
      "dataset": "ml-100k",
      "seq_length": 50,
      "model": "GRU4Rec",
      "test_auc": 0.8923527633281724,
      "test_logloss": 0.5078326867161086,
      "best_valid_auc": 0.9118299753129866,
      "train_time_sec": 413.2297008037567,
      "qps": 3392.0211152464162,
      "num_params": 239857,
      "status": "success",
      "HR@5": 0.4421052631578947,
      "Recall@5": 0.4421052631578947,
      "NDCG@5": 0.2762594094172573,
      "MRR@5": 0.22228070175438597,
      "Precision@5": 0.08842105263157894,
      "HR@10": 0.6210526315789474,
      "Recall@10": 0.6210526315789474,
      "NDCG@10": 0.3334500236962489,
      "MRR@10": 0.2455096073517126,
      "Precision@10": 0.06210526315789474,
      "HR@20": 0.8105263157894737,
      "Recall@20": 0.8105263157894737,
      "NDCG@20": 0.3806489186674557,
      "MRR@20": 0.2580990229874049,
      "Precision@20": 0.04052631578947368
    },
    {
      "experiment": "exp1_seq_model",
      "dataset": "ml-100k",
      "seq_length": 50,
      "model": "SASRec",
      "test_auc": 0.917116822517173,
      "test_logloss": 0.3909184949396846,
      "best_valid_auc": 0.9250891467084953,
      "train_time_sec": 558.98250722885,
      "qps": 11461.796469102623,
      "num_params": 318257,
      "status": "success",
      "HR@5": 0.5157894736842106,
      "Recall@5": 0.5157894736842106,
      "NDCG@5": 0.36774077009008804,
      "MRR@5": 0.3191228070175438,
      "Precision@5": 0.10315789473684212,
      "HR@10": 0.6631578947368421,
      "Recall@10": 0.6631578947368421,
      "NDCG@10": 0.41687581522467415,
      "MRR@10": 0.3402589807852966,
      "Precision@10": 0.0663157894736842,
      "HR@20": 0.7894736842105263,
      "Recall@20": 0.7894736842105263,
      "NDCG@20": 0.44890773277100837,
      "MRR@20": 0.3490665766981556,