{
  "timestamp": "20251228_234247",
  "device": "cuda",
  "gpu_name": "NVIDIA GeForce RTX 3080 Ti",
  "datasets": [
    "ml-100k"
  ],
  "experiments": [
    2
  ],
  "epochs": 50,
  "seq_lengths": [
    20,
    50,
    100,
    150
  ],
  "models": [
    "DIN"
  ],
  "topk_values": [
    5,
    10,
    20
  ],
  "total_time_minutes": 4.7591974666666665,
  "num_results": 3,
  "results": [
    {
      "experiment": "exp2_method_compare",
      "dataset": "ml-100k",
      "model": "DIN",
      "test_auc": 0.9166056265972864,
      "test_logloss": 0.5015726759748321,
      "train_time_sec": 105.81396508216858,
      "qps": 23554.374230959005,
      "num_params": 233463,
      "status": "success",
      "HR@5": 0.4105263157894737,
      "Recall@5": 0.4105263157894737,
      "NDCG@5": 0.25529371077754,
      "MRR@5": 0.20456140350877194,
      "Precision@5": 0.08210526315789474,
      "HR@10": 0.5789473684210527,
      "Recall@10": 0.5789473684210527,
      "NDCG@10": 0.30958736446963003,
      "MRR@10": 0.2268421052631579,
      "Precision@10": 0.05789473684210526,
      "HR@20": 0.8105263157894737,
      "Recall@20": 0.8105263157894737,
      "NDCG@20": 0.36955571344322635,
      "MRR@20": 0.2440375877991977,
      "Precision@20": 0.04052631578947368
    },
    {
      "experiment": "exp2_method_compare",
      "dataset": "ml-100k",
      "model": "LightGBM",
      "test_auc": 0.8348098060535563,
      "test_logloss": 0.4312439578012111,
      "train_time_sec": 12.692991733551025,
      "num_params": 15500,
      "status": "success",
      "HR@5": 0.2631578947368421,
      "Recall@5": 0.2631578947368421,
      "NDCG@5": 0.16484825838104306,
      "MRR@5": 0.13280701754385965,
      "Precision@5": 0.05263157894736842,
      "HR@10": 0.3368421052631579,
      "Recall@10": 0.3368421052631579,
      "NDCG@10": 0.18908519728838952,
      "MRR@10": 0.14304928989139515,
      "Precision@10": 0.03368421052631579,
      "HR@20": 0.6736842105263158,
      "Recall@20": 0.6736842105263158,
      "NDCG@20": 0.27297517240797803,
      "MRR@20": 0.16539343263149683,
      "Precision@20": 0.03368421052631579
    },
    {
      "experiment": "exp2_hybrid",
      "dataset": "ml-100k",
      "model": "DIN+LightGBM",
      "test_auc": 0.914259497376816,
      "test_logloss": 0.5218897988078766,
      "train_time_sec": 203.80314588546753,
      "din_train_time": 105.81396508216858,
      "lgb_train_time": 97.98918080329895,
      "num_params": 236811,
      "din_num_params": 233463,
      "lgb_num_params": 3348,
      "feature_importance_top20": {
        "din_score": 1892077.7163410187,
        "item_popularity": 42349.20789194107,
        "item_year": 2409.8321347236633,
        "item_genre_count": 2315.3990654945374,
        "din_emb_15": 2043.411117553711,
        "din_emb_33": 1974.6992182731628,
        "din_emb_20": 1948.435923576355,
        "din_emb_59": 1795.7320141792297,
        "year_match": 1761.9323978424072,
        "seq_avg_popularity": 1688.5235867500305,
        "din_emb_52": 1591.9579281806946,
        "din_emb_10": 1563.0575008392334,
        "item_genre": 1460.8203973770142,
        "din_emb_40": 869.839512348175,
        "din_emb_45": 707.800573348999,
        "din_emb_32": 690.216347694397,
        "din_emb_51": 644.1272306442261,
        "din_emb_14": 593.9963998794556,
        "din_emb_61": 566.7510089874268,
        "din_emb_34": 531.8483390808105
      },
      "feature_names": [
        "user_age",
        "user_gender",
        "user_occupation",
        "user_activity",
        "item_year",
        "item_genre",
        "item_genre_count",
        "item_popularity",
        "seq_length",
        "seq_unique_items",
        "seq_avg_popularity",
        "seq_recency",
        "time_hour",
        "time_dow",
        "time_weekend",
        "time_position",
        "genre_match",
        "year_match",
        "hist_genre_mean",
        "hist_genre_std"
      ],
      "status": "success",
      "HR@5": 0.35789473684210527,
      "Recall@5": 0.35789473684210527,
      "NDCG@5": 0.2366174253731802,
      "MRR@5": 0.19701754385964915,
      "Precision@5": 0.07157894736842105,
      "HR@10": 0.5368421052631579,
      "Recall@10": 0.5368421052631579,
      "NDCG@10": 0.29579723148093073,
      "MRR@10": 0.22216374269005848,
      "Precision@10": 0.05368421052631579,
      "HR@20": 0.7894736842105263,
      "Recall@20": 0.7894736842105263,
      "NDCG@20": 0.3618452121244147,
      "MRR@20": 0.24144371493116806,
      "Precision@20": 0.039473684210526314
    }
  ]
}